{"cameraMode":{"drawMode":0,"name":"Shaded","section":"Shading Mode"},"sceneLighting":false,"audioPlay":false,"sceneViewState":{"m_AlwaysRefresh":false,"showFog":false,"showSkybox":false,"showFlares":false,"showImageEffects":false,"showParticleSystems":false,"showVisualEffectGraphs":true,"m_FxEnabled":true},"in2DMode":false,"pivot":{"x":0.25865933299064639,"y":0.6836804151535034,"z":-0.2935279905796051},"rotation":{"x":-0.06538040935993195,"y":-0.9347159266471863,"z":0.24425972998142243,"w":-0.25024884939193728},"size":1.3724735975265504,"orthographic":false}