{"cameraMode":{"drawMode":0,"name":"Shaded","section":"Shading Mode"},"sceneLighting":false,"audioPlay":false,"sceneViewState":{"m_AlwaysRefresh":false,"showFog":true,"showSkybox":false,"showFlares":true,"showImageEffects":true,"showParticleSystems":true,"showVisualEffectGraphs":true,"m_FxEnabled":true},"in2DMode":false,"pivot":{"x":0.2780214548110962,"y":0.07617064565420151,"z":0.01871170476078987},"rotation":{"x":0.07014016062021256,"y":-0.7114032506942749,"z":0.071738600730896,"w":0.6955755352973938},"size":0.030694900080561639,"orthographic":false}