{"cameraMode":{"drawMode":0,"name":"Shaded","section":"Shading Mode"},"sceneLighting":true,"audioPlay":false,"sceneViewState":{"m_AlwaysRefresh":false,"showFog":true,"showSkybox":true,"showFlares":true,"showImageEffects":true,"showParticleSystems":true,"showVisualEffectGraphs":true,"m_FxEnabled":true},"in2DMode":false,"pivot":{"x":947.3975219726563,"y":564.1484985351563,"z":-54.435028076171878},"rotation":{"x":0.06130402907729149,"y":-0.02290802076458931,"z":0.0013639910612255335,"w":0.997961699962616},"size":481.0992736816406,"orthographic":false}