{"cameraMode":{"drawMode":0,"name":"Shaded","section":"Shading Mode"},"sceneLighting":true,"audioPlay":false,"sceneViewState":{"m_AlwaysRefresh":false,"showFog":true,"showSkybox":true,"showFlares":true,"showImageEffects":true,"showParticleSystems":true,"showVisualEffectGraphs":true,"m_FxEnabled":true},"in2DMode":false,"pivot":{"x":-0.3468722105026245,"y":0.5897031426429749,"z":-4.2912797927856449},"rotation":{"x":-0.199060320854187,"y":0.29878291487693789,"z":-0.06387333571910858,"w":-0.9311468005180359},"size":1.0125558376312256,"orthographic":false}