{"cameraMode":{"drawMode":0,"name":"Shaded","section":"Shading Mode"},"sceneLighting":false,"audioPlay":false,"sceneViewState":{"m_AlwaysRefresh":false,"showFog":false,"showSkybox":false,"showFlares":false,"showImageEffects":false,"showParticleSystems":false,"showVisualEffectGraphs":true,"m_FxEnabled":true},"in2DMode":false,"pivot":{"x":0.1268375813961029,"y":0.18682415783405305,"z":-1.2652276754379273},"rotation":{"x":-0.0008780372445471585,"y":-0.9509596228599548,"z":0.3097122609615326,"w":-0.002699902281165123},"size":1.0125558376312256,"orthographic":false}